"FRK","INLA","mgcv","LKrig","MRA","gstat"
8.10400000000008,0.857850000000083,5.72508333333342,9.63381666666658,9.87081395,7.56429999999988
